Adaption Step,loss,intra_session_acc,statistical_loss,der_loss
0,1.4031074052410466,52.15559612413987,0,0
1,1.4031074052410466,52.15559612413987,"tensor(0.0593, device='cuda:0', dtype=torch.float16)","tensor(1.3131, device='cuda:0')"
2,1.4031074052410466,52.15559612413987,"tensor(0.0621, device='cuda:0', dtype=torch.float16)","tensor(1.3131, device='cuda:0')"
3,1.3947569424552577,52.21176801011094,"tensor(0.0526, device='cuda:0', dtype=torch.float16)","tensor(1.3131, device='cuda:0')"
4,1.3875488064118795,52.67518606937228,"tensor(0.0682, device='cuda:0', dtype=torch.float16)","tensor(1.3103, device='cuda:0')"
5,1.3814948414053236,52.689229040865044,"tensor(0.0656, device='cuda:0', dtype=torch.float16)","tensor(1.3072, device='cuda:0')"
6,1.376640683306115,52.81561578429996,"tensor(0.0665, device='cuda:0', dtype=torch.float16)","tensor(1.3047, device='cuda:0')"
7,1.373186940593379,52.647100126386746,"tensor(0.0584, device='cuda:0', dtype=torch.float16)","tensor(1.3030, device='cuda:0')"
8,1.3713199336613928,52.787529841314424,"tensor(0.0652, device='cuda:0', dtype=torch.float16)","tensor(1.3005, device='cuda:0')"
9,1.3694073467382364,52.787529841314424,"tensor(0.0676, device='cuda:0', dtype=torch.float16)","tensor(1.2984, device='cuda:0')"
10,1.3687812739184924,52.73135795534335,"tensor(0.0599, device='cuda:0', dtype=torch.float16)","tensor(1.2973, device='cuda:0')"
11,1.3679060116410255,52.84370172728549,"tensor(0.0499, device='cuda:0', dtype=torch.float16)","tensor(1.2937, device='cuda:0')"
12,1.3675093672105245,53.02626035669147,"tensor(0.0658, device='cuda:0', dtype=torch.float16)","tensor(1.2906, device='cuda:0')"
13,1.367879736104182,52.94200252773487,"tensor(0.0541, device='cuda:0', dtype=torch.float16)","tensor(1.2898, device='cuda:0')"
14,1.366754558469568,52.89987361325657,"tensor(0.0659, device='cuda:0', dtype=torch.float16)","tensor(1.2882, device='cuda:0')"
15,1.3668501558048385,53.02626035669147,"tensor(0.0583, device='cuda:0', dtype=torch.float16)","tensor(1.2864, device='cuda:0')"
16,1.3671302960387297,53.208818986097455,"tensor(0.0693, device='cuda:0', dtype=torch.float16)","tensor(1.2862, device='cuda:0')"
17,1.3666614868811198,53.18073304311192,"tensor(0.0591, device='cuda:0', dtype=torch.float16)","tensor(1.2841, device='cuda:0')"
18,1.3658528311976366,53.25094790057576,"tensor(0.0621, device='cuda:0', dtype=torch.float16)","tensor(1.2836, device='cuda:0')"
19,1.3649566498185908,53.222861957590226,"tensor(0.0691, device='cuda:0', dtype=torch.float16)","tensor(1.2842, device='cuda:0')"
20,1.3638188375958376,53.19477601460469,"tensor(0.0648, device='cuda:0', dtype=torch.float16)","tensor(1.2834, device='cuda:0')"
21,1.3641642220318317,53.13860412863362,"tensor(0.0417, device='cuda:0', dtype=torch.float16)","tensor(1.2825, device='cuda:0')"
22,1.3648377848523003,52.85774469877826,"tensor(0.0472, device='cuda:0', dtype=torch.float16)","tensor(1.2812, device='cuda:0')"
23,1.3660408551139491,52.91391658474933,"tensor(0.0660, device='cuda:0', dtype=torch.float16)","tensor(1.2807, device='cuda:0')"
24,1.3666839573000158,52.970088470720405,"tensor(0.0555, device='cuda:0', dtype=torch.float16)","tensor(1.2800, device='cuda:0')"
25,1.367516068475587,52.82965875579273,"tensor(0.0546, device='cuda:0', dtype=torch.float16)","tensor(1.2794, device='cuda:0')"
26,1.3669547284288066,52.85774469877826,"tensor(0.0581, device='cuda:0', dtype=torch.float16)","tensor(1.2793, device='cuda:0')"
27,1.3666756360658578,52.87178767027103,"tensor(0.0633, device='cuda:0', dtype=torch.float16)","tensor(1.2804, device='cuda:0')"
28,1.3664555384644441,52.66114309787951,"tensor(0.0654, device='cuda:0', dtype=torch.float16)","tensor(1.2804, device='cuda:0')"
29,1.3649315700999327,52.85774469877826,"tensor(0.0630, device='cuda:0', dtype=torch.float16)","tensor(1.2785, device='cuda:0')"
30,1.3636854461261205,52.9279595562421,"tensor(0.0790, device='cuda:0', dtype=torch.float16)","tensor(1.2757, device='cuda:0')"
31,1.3637614170355457,52.89987361325657,"tensor(0.0519, device='cuda:0', dtype=torch.float16)","tensor(1.2755, device='cuda:0')"
32,1.363775863711323,52.81561578429996,"tensor(0.0604, device='cuda:0', dtype=torch.float16)","tensor(1.2758, device='cuda:0')"
33,1.3638929346842426,52.91391658474933,"tensor(0.0566, device='cuda:0', dtype=torch.float16)","tensor(1.2755, device='cuda:0')"
34,1.364081388073308,53.054346299677015,"tensor(0.0563, device='cuda:0', dtype=torch.float16)","tensor(1.2752, device='cuda:0')"
35,1.3636387820754732,52.87178767027103,"tensor(0.0580, device='cuda:0', dtype=torch.float16)","tensor(1.2734, device='cuda:0')"
36,1.364420953073672,52.98413144221317,"tensor(0.0651, device='cuda:0', dtype=torch.float16)","tensor(1.2727, device='cuda:0')"
37,1.3655331230589323,53.02626035669147,"tensor(0.0466, device='cuda:0', dtype=torch.float16)","tensor(1.2706, device='cuda:0')"
38,1.3660807231707233,53.054346299677015,"tensor(0.0645, device='cuda:0', dtype=torch.float16)","tensor(1.2692, device='cuda:0')"
39,1.3667567462793417,53.11051818564808,"tensor(0.0648, device='cuda:0', dtype=torch.float16)","tensor(1.2687, device='cuda:0')"
40,1.3668275251984596,53.040303328184244,"tensor(0.0490, device='cuda:0', dtype=torch.float16)","tensor(1.2669, device='cuda:0')"
41,1.3666586998317922,53.12456115714085,"tensor(0.0613, device='cuda:0', dtype=torch.float16)","tensor(1.2680, device='cuda:0')"
42,1.3664214866501945,53.12456115714085,"tensor(0.0625, device='cuda:0', dtype=torch.float16)","tensor(1.2676, device='cuda:0')"
43,1.36590616990413,53.11051818564808,"tensor(0.0585, device='cuda:0', dtype=torch.float16)","tensor(1.2666, device='cuda:0')"
44,1.3649848071592194,53.208818986097455,"tensor(0.0584, device='cuda:0', dtype=torch.float16)","tensor(1.2662, device='cuda:0')"
45,1.364397400191852,53.06838927116978,"tensor(0.0496, device='cuda:0', dtype=torch.float16)","tensor(1.2643, device='cuda:0')"
46,1.3640695198306017,53.16669007161916,"tensor(0.0598, device='cuda:0', dtype=torch.float16)","tensor(1.2639, device='cuda:0')"
47,1.3640981375106744,53.040303328184244,"tensor(0.0527, device='cuda:0', dtype=torch.float16)","tensor(1.2624, device='cuda:0')"
48,1.3642824552953243,52.956045499227635,"tensor(0.0568, device='cuda:0', dtype=torch.float16)","tensor(1.2623, device='cuda:0')"
49,1.3657023507569517,52.956045499227635,"tensor(0.0626, device='cuda:0', dtype=torch.float16)","tensor(1.2622, device='cuda:0')"
50,1.365532599389553,53.01221738519871,"tensor(0.0504, device='cuda:0', dtype=torch.float16)","tensor(1.2617, device='cuda:0')"
51,1.3669458047619887,52.85774469877826,"tensor(0.0674, device='cuda:0', dtype=torch.float16)","tensor(1.2602, device='cuda:0')"
52,1.3672880493104458,52.956045499227635,"tensor(0.0749, device='cuda:0', dtype=torch.float16)","tensor(1.2595, device='cuda:0')"
53,1.3658535251660007,52.970088470720405,"tensor(0.0547, device='cuda:0', dtype=torch.float16)","tensor(1.2588, device='cuda:0')"
54,1.3664781866329057,52.970088470720405,"tensor(0.0621, device='cuda:0', dtype=torch.float16)","tensor(1.2594, device='cuda:0')"
55,1.3671849364680904,52.82965875579273,"tensor(0.0565, device='cuda:0', dtype=torch.float16)","tensor(1.2589, device='cuda:0')"
56,1.3675105715436595,52.99817441370594,"tensor(0.0647, device='cuda:0', dtype=torch.float16)","tensor(1.2596, device='cuda:0')"
57,1.368426931223699,52.970088470720405,"tensor(0.0547, device='cuda:0', dtype=torch.float16)","tensor(1.2586, device='cuda:0')"
58,1.3685761205852032,52.87178767027103,"tensor(0.0553, device='cuda:0', dtype=torch.float16)","tensor(1.2577, device='cuda:0')"
59,1.3679937720298767,52.787529841314424,"tensor(0.0640, device='cuda:0', dtype=torch.float16)","tensor(1.2572, device='cuda:0')"
60,1.3674344926008157,52.84370172728549,"tensor(0.0446, device='cuda:0', dtype=torch.float16)","tensor(1.2577, device='cuda:0')"
61,1.3667757308908872,52.81561578429996,"tensor(0.0518, device='cuda:0', dtype=torch.float16)","tensor(1.2560, device='cuda:0')"
62,1.3657224822257246,52.99817441370594,"tensor(0.0496, device='cuda:0', dtype=torch.float16)","tensor(1.2543, device='cuda:0')"
63,1.365986275353602,52.9279595562421,"tensor(0.0536, device='cuda:0', dtype=torch.float16)","tensor(1.2539, device='cuda:0')"
64,1.3659467260752405,52.94200252773487,"tensor(0.0482, device='cuda:0', dtype=torch.float16)","tensor(1.2525, device='cuda:0')"
65,1.3665046920733792,53.02626035669147,"tensor(0.0562, device='cuda:0', dtype=torch.float16)","tensor(1.2520, device='cuda:0')"
66,1.36732709727117,53.02626035669147,"tensor(0.0592, device='cuda:0', dtype=torch.float16)","tensor(1.2517, device='cuda:0')"
67,1.36741084924766,53.01221738519871,"tensor(0.0532, device='cuda:0', dtype=torch.float16)","tensor(1.2507, device='cuda:0')"
68,1.3667794934340887,53.11051818564808,"tensor(0.0451, device='cuda:0', dtype=torch.float16)","tensor(1.2508, device='cuda:0')"
69,1.3666057214140892,53.11051818564808,"tensor(0.0547, device='cuda:0', dtype=torch.float16)","tensor(1.2500, device='cuda:0')"
70,1.3667715590979372,52.98413144221317,"tensor(0.0459, device='cuda:0', dtype=torch.float16)","tensor(1.2507, device='cuda:0')"
71,1.3666369175272328,52.87178767027103,"tensor(0.0536, device='cuda:0', dtype=torch.float16)","tensor(1.2511, device='cuda:0')"
72,1.366605727268117,52.80157281280719,"tensor(0.0579, device='cuda:0', dtype=torch.float16)","tensor(1.2508, device='cuda:0')"
73,1.3659299894102983,52.87178767027103,"tensor(0.0521, device='cuda:0', dtype=torch.float16)","tensor(1.2500, device='cuda:0')"
74,1.3657095144901956,52.80157281280719,"tensor(0.0552, device='cuda:0', dtype=torch.float16)","tensor(1.2503, device='cuda:0')"
75,1.3674560471304826,52.74540092683612,"tensor(0.0662, device='cuda:0', dtype=torch.float16)","tensor(1.2504, device='cuda:0')"
76,1.3681505295847143,52.74540092683612,"tensor(0.0501, device='cuda:0', dtype=torch.float16)","tensor(1.2504, device='cuda:0')"
77,1.3689140283635683,52.82965875579273,"tensor(0.0665, device='cuda:0', dtype=torch.float16)","tensor(1.2495, device='cuda:0')"
78,1.37028945343835,52.81561578429996,"tensor(0.0651, device='cuda:0', dtype=torch.float16)","tensor(1.2502, device='cuda:0')"
79,1.3701384370880467,52.77348686982165,"tensor(0.0520, device='cuda:0', dtype=torch.float16)","tensor(1.2483, device='cuda:0')"
80,1.3692248383803027,52.74540092683612,"tensor(0.0529, device='cuda:0', dtype=torch.float16)","tensor(1.2472, device='cuda:0')"
81,1.3683917996074473,52.87178767027103,"tensor(0.0499, device='cuda:0', dtype=torch.float16)","tensor(1.2464, device='cuda:0')"
82,1.3682025537959166,52.970088470720405,"tensor(0.0604, device='cuda:0', dtype=torch.float16)","tensor(1.2459, device='cuda:0')"
83,1.3678367196449213,53.01221738519871,"tensor(0.0521, device='cuda:0', dtype=torch.float16)","tensor(1.2455, device='cuda:0')"
84,1.3677799318517958,53.08243224266255,"tensor(0.0546, device='cuda:0', dtype=torch.float16)","tensor(1.2453, device='cuda:0')"
85,1.3670149104935783,53.02626035669147,"tensor(0.0573, device='cuda:0', dtype=torch.float16)","tensor(1.2436, device='cuda:0')"
86,1.367325275604214,52.89987361325657,"tensor(0.0455, device='cuda:0', dtype=torch.float16)","tensor(1.2430, device='cuda:0')"
87,1.367521517510925,52.94200252773487,"tensor(0.0556, device='cuda:0', dtype=torch.float16)","tensor(1.2434, device='cuda:0')"
88,1.3675886195685183,52.91391658474933,"tensor(0.0468, device='cuda:0', dtype=torch.float16)","tensor(1.2428, device='cuda:0')"
89,1.3685128444007464,52.787529841314424,"tensor(0.0601, device='cuda:0', dtype=torch.float16)","tensor(1.2424, device='cuda:0')"
90,1.3692166400807244,52.75944389832889,"tensor(0.0579, device='cuda:0', dtype=torch.float16)","tensor(1.2407, device='cuda:0')"
91,1.3689151565943445,52.75944389832889,"tensor(0.0495, device='cuda:0', dtype=torch.float16)","tensor(1.2402, device='cuda:0')"
92,1.3679348272936684,52.87178767027103,"tensor(0.0511, device='cuda:0', dtype=torch.float16)","tensor(1.2396, device='cuda:0')"
93,1.3679259573774678,52.80157281280719,"tensor(0.0545, device='cuda:0', dtype=torch.float16)","tensor(1.2397, device='cuda:0')"
94,1.3677290215023927,52.956045499227635,"tensor(0.0565, device='cuda:0', dtype=torch.float16)","tensor(1.2385, device='cuda:0')"
95,1.3677447640470095,52.87178767027103,"tensor(0.0445, device='cuda:0', dtype=torch.float16)","tensor(1.2387, device='cuda:0')"
96,1.3681210981948035,52.689229040865044,"tensor(0.0543, device='cuda:0', dtype=torch.float16)","tensor(1.2380, device='cuda:0')"
97,1.368479708475726,52.619014183401205,"tensor(0.0531, device='cuda:0', dtype=torch.float16)","tensor(1.2385, device='cuda:0')"
98,1.3685375883110933,52.689229040865044,"tensor(0.0496, device='cuda:0', dtype=torch.float16)","tensor(1.2386, device='cuda:0')"
99,1.3688655841563429,52.703272012357814,"tensor(0.0550, device='cuda:0', dtype=torch.float16)","tensor(1.2378, device='cuda:0')"
100,1.36842123738357,52.717314983850585,"tensor(0.0535, device='cuda:0', dtype=torch.float16)","tensor(1.2379, device='cuda:0')"
101,1.367907453328371,52.787529841314424,"tensor(0.0615, device='cuda:0', dtype=torch.float16)","tensor(1.2368, device='cuda:0')"
102,1.3683228003127235,52.647100126386746,"tensor(0.0564, device='cuda:0', dtype=torch.float16)","tensor(1.2367, device='cuda:0')"
103,1.368921309709549,52.787529841314424,"tensor(0.0569, device='cuda:0', dtype=torch.float16)","tensor(1.2367, device='cuda:0')"
104,1.3693754869912351,52.970088470720405,"tensor(0.0621, device='cuda:0', dtype=torch.float16)","tensor(1.2355, device='cuda:0')"
105,1.370289960610015,52.81561578429996,"tensor(0.0608, device='cuda:0', dtype=torch.float16)","tensor(1.2350, device='cuda:0')"
106,1.3694906809500285,52.94200252773487,"tensor(0.0549, device='cuda:0', dtype=torch.float16)","tensor(1.2348, device='cuda:0')"
107,1.3703232136155878,53.02626035669147,"tensor(0.0642, device='cuda:0', dtype=torch.float16)","tensor(1.2350, device='cuda:0')"
108,1.370311507156917,52.87178767027103,"tensor(0.0530, device='cuda:0', dtype=torch.float16)","tensor(1.2343, device='cuda:0')"
109,1.3708898462355137,52.84370172728549,"tensor(0.0506, device='cuda:0', dtype=torch.float16)","tensor(1.2347, device='cuda:0')"
110,1.371270904051406,52.84370172728549,"tensor(0.0482, device='cuda:0', dtype=torch.float16)","tensor(1.2331, device='cuda:0')"
111,1.3709786119205611,52.885830641763796,"tensor(0.0504, device='cuda:0', dtype=torch.float16)","tensor(1.2322, device='cuda:0')"
112,1.3695137702992983,53.01221738519871,"tensor(0.0562, device='cuda:0', dtype=torch.float16)","tensor(1.2306, device='cuda:0')"
113,1.367810347782714,53.06838927116978,"tensor(0.0446, device='cuda:0', dtype=torch.float16)","tensor(1.2305, device='cuda:0')"
114,1.3664180114865303,53.18073304311192,"tensor(0.0601, device='cuda:0', dtype=torch.float16)","tensor(1.2315, device='cuda:0')"
115,1.3658179358712264,53.02626035669147,"tensor(0.0530, device='cuda:0', dtype=torch.float16)","tensor(1.2315, device='cuda:0')"
116,1.365114116775138,53.08243224266255,"tensor(0.0546, device='cuda:0', dtype=torch.float16)","tensor(1.2312, device='cuda:0')"
117,1.3652373307517596,53.02626035669147,"tensor(0.0680, device='cuda:0', dtype=torch.float16)","tensor(1.2306, device='cuda:0')"
118,1.3659170690391744,52.9279595562421,"tensor(0.0549, device='cuda:0', dtype=torch.float16)","tensor(1.2302, device='cuda:0')"
119,1.366266995136227,52.98413144221317,"tensor(0.0555, device='cuda:0', dtype=torch.float16)","tensor(1.2314, device='cuda:0')"
120,1.367884240512337,52.80157281280719,"tensor(0.0533, device='cuda:0', dtype=torch.float16)","tensor(1.2313, device='cuda:0')"
121,1.3696287593671255,52.80157281280719,"tensor(0.0491, device='cuda:0', dtype=torch.float16)","tensor(1.2306, device='cuda:0')"
122,1.3711777989353453,52.703272012357814,"tensor(0.0493, device='cuda:0', dtype=torch.float16)","tensor(1.2306, device='cuda:0')"
123,1.3729383439889975,52.5768852689229,"tensor(0.0564, device='cuda:0', dtype=torch.float16)","tensor(1.2298, device='cuda:0')"
124,1.3736013450792857,52.54879932593737,"tensor(0.0475, device='cuda:0', dtype=torch.float16)","tensor(1.2294, device='cuda:0')"
125,1.3738885819911957,52.60497121190844,"tensor(0.0455, device='cuda:0', dtype=torch.float16)","tensor(1.2284, device='cuda:0')"
126,1.3738376391785485,52.66114309787951,"tensor(0.0481, device='cuda:0', dtype=torch.float16)","tensor(1.2283, device='cuda:0')"
127,1.3732680098286696,52.66114309787951,"tensor(0.0598, device='cuda:0', dtype=torch.float16)","tensor(1.2278, device='cuda:0')"
128,1.37135851968612,52.77348686982165,"tensor(0.0555, device='cuda:0', dtype=torch.float16)","tensor(1.2271, device='cuda:0')"
129,1.3703887675489699,52.75944389832889,"tensor(0.0517, device='cuda:0', dtype=torch.float16)","tensor(1.2265, device='cuda:0')"
130,1.3696527449148042,52.84370172728549,"tensor(0.0577, device='cuda:0', dtype=torch.float16)","tensor(1.2260, device='cuda:0')"
131,1.3693612138075488,52.89987361325657,"tensor(0.0458, device='cuda:0', dtype=torch.float16)","tensor(1.2258, device='cuda:0')"
132,1.3689136627529348,52.99817441370594,"tensor(0.0455, device='cuda:0', dtype=torch.float16)","tensor(1.2255, device='cuda:0')"
133,1.3686069920659065,52.99817441370594,"tensor(0.0424, device='cuda:0', dtype=torch.float16)","tensor(1.2243, device='cuda:0')"
134,1.3686724943774087,53.09647521415531,"tensor(0.0508, device='cuda:0', dtype=torch.float16)","tensor(1.2240, device='cuda:0')"
135,1.3696508290512222,52.94200252773487,"tensor(0.0559, device='cuda:0', dtype=torch.float16)","tensor(1.2230, device='cuda:0')"
136,1.3706470802426338,53.02626035669147,"tensor(0.0431, device='cuda:0', dtype=torch.float16)","tensor(1.2230, device='cuda:0')"
137,1.37060719622033,52.87178767027103,"tensor(0.0444, device='cuda:0', dtype=torch.float16)","tensor(1.2226, device='cuda:0')"
138,1.3711905059005534,52.9279595562421,"tensor(0.0548, device='cuda:0', dtype=torch.float16)","tensor(1.2220, device='cuda:0')"
139,1.3718512308384692,52.85774469877826,"tensor(0.0569, device='cuda:0', dtype=torch.float16)","tensor(1.2214, device='cuda:0')"
140,1.3719281309417315,52.956045499227635,"tensor(0.0517, device='cuda:0', dtype=torch.float16)","tensor(1.2208, device='cuda:0')"
141,1.3723021458302225,52.787529841314424,"tensor(0.0467, device='cuda:0', dtype=torch.float16)","tensor(1.2212, device='cuda:0')"
142,1.3727727383375168,52.787529841314424,"tensor(0.0554, device='cuda:0', dtype=torch.float16)","tensor(1.2212, device='cuda:0')"
143,1.373227131153856,52.81561578429996,"tensor(0.0499, device='cuda:0', dtype=torch.float16)","tensor(1.2207, device='cuda:0')"
144,1.3737848374460424,52.77348686982165,"tensor(0.0500, device='cuda:0', dtype=torch.float16)","tensor(1.2196, device='cuda:0')"
145,1.3738017199294907,52.717314983850585,"tensor(0.0526, device='cuda:0', dtype=torch.float16)","tensor(1.2180, device='cuda:0')"
146,1.3735343058194434,52.717314983850585,"tensor(0.0495, device='cuda:0', dtype=torch.float16)","tensor(1.2189, device='cuda:0')"
147,1.3726467884012632,52.689229040865044,"tensor(0.0617, device='cuda:0', dtype=torch.float16)","tensor(1.2189, device='cuda:0')"
148,1.3719500819487231,52.75944389832889,"tensor(0.0504, device='cuda:0', dtype=torch.float16)","tensor(1.2174, device='cuda:0')"
149,1.3714533639805657,52.77348686982165,"tensor(0.0428, device='cuda:0', dtype=torch.float16)","tensor(1.2188, device='cuda:0')"
150,1.3713793195784092,52.73135795534335,"tensor(0.0431, device='cuda:0', dtype=torch.float16)","tensor(1.2174, device='cuda:0')"
151,1.4838019928761892,49.902234636871505,0,0
152,1.4838019928761892,49.902234636871505,"tensor(0.0687, device='cuda:0', dtype=torch.float16)","tensor(1.3131, device='cuda:0')"
153,1.4838019928761892,49.902234636871505,"tensor(0.0715, device='cuda:0', dtype=torch.float16)","tensor(1.3131, device='cuda:0')"
154,1.4848796991365296,49.762569832402235,"tensor(0.0648, device='cuda:0', dtype=torch.float16)","tensor(1.3131, device='cuda:0')"
155,1.4827171968562263,49.70670391061452,"tensor(0.0620, device='cuda:0', dtype=torch.float16)","tensor(1.3099, device='cuda:0')"
156,1.4833713908280646,49.720670391061454,"tensor(0.0707, device='cuda:0', dtype=torch.float16)","tensor(1.3050, device='cuda:0')"
157,1.4830256306699343,49.63687150837989,"tensor(0.0623, device='cuda:0', dtype=torch.float16)","tensor(1.3021, device='cuda:0')"
158,1.4841953845960754,49.41340782122905,"tensor(0.0619, device='cuda:0', dtype=torch.float16)","tensor(1.2992, device='cuda:0')"
159,1.4854048756616456,49.55307262569833,"tensor(0.0612, device='cuda:0', dtype=torch.float16)","tensor(1.2973, device='cuda:0')"
160,1.485930193747793,49.46927374301676,"tensor(0.0653, device='cuda:0', dtype=torch.float16)","tensor(1.2959, device='cuda:0')"
161,1.4867679178714752,49.427374301675975,"tensor(0.0667, device='cuda:0', dtype=torch.float16)","tensor(1.2930, device='cuda:0')"
162,1.488006210752896,49.44134078212291,"tensor(0.0716, device='cuda:0', dtype=torch.float16)","tensor(1.2910, device='cuda:0')"
163,1.4884020792586463,49.34357541899441,"tensor(0.0591, device='cuda:0', dtype=torch.float16)","tensor(1.2900, device='cuda:0')"
164,1.4888497442007065,49.30167597765363,"tensor(0.0615, device='cuda:0', dtype=torch.float16)","tensor(1.2880, device='cuda:0')"
165,1.4889449392046248,49.37150837988827,"tensor(0.0673, device='cuda:0', dtype=torch.float16)","tensor(1.2859, device='cuda:0')"
166,1.490256816148758,49.45530726256983,"tensor(0.0626, device='cuda:0', dtype=torch.float16)","tensor(1.2860, device='cuda:0')"
167,1.4919706636241503,49.497206703910614,"tensor(0.0608, device='cuda:0', dtype=torch.float16)","tensor(1.2862, device='cuda:0')"
168,1.4927765226789884,49.52513966480447,"tensor(0.0739, device='cuda:0', dtype=torch.float16)","tensor(1.2847, device='cuda:0')"
169,1.493621129010405,49.48324022346369,"tensor(0.0628, device='cuda:0', dtype=torch.float16)","tensor(1.2831, device='cuda:0')"
170,1.4942029608147485,49.32960893854749,"tensor(0.0557, device='cuda:0', dtype=torch.float16)","tensor(1.2841, device='cuda:0')"
171,1.4948335204805647,49.30167597765363,"tensor(0.0598, device='cuda:0', dtype=torch.float16)","tensor(1.2832, device='cuda:0')"
172,1.495045648089477,49.30167597765363,"tensor(0.0545, device='cuda:0', dtype=torch.float16)","tensor(1.2815, device='cuda:0')"
173,1.4957392630832536,49.37150837988827,"tensor(0.0538, device='cuda:0', dtype=torch.float16)","tensor(1.2799, device='cuda:0')"
174,1.4961957867656435,49.51117318435754,"tensor(0.0572, device='cuda:0', dtype=torch.float16)","tensor(1.2794, device='cuda:0')"
175,1.4970742868525642,49.287709497206706,"tensor(0.0637, device='cuda:0', dtype=torch.float16)","tensor(1.2781, device='cuda:0')"
176,1.4967600128480367,49.287709497206706,"tensor(0.0623, device='cuda:0', dtype=torch.float16)","tensor(1.2774, device='cuda:0')"
177,1.4968921403799738,49.245810055865924,"tensor(0.0582, device='cuda:0', dtype=torch.float16)","tensor(1.2770, device='cuda:0')"
178,1.4962119609117508,49.21787709497207,"tensor(0.0529, device='cuda:0', dtype=torch.float16)","tensor(1.2764, device='cuda:0')"
179,1.4956472398979324,49.25977653631285,"tensor(0.0524, device='cuda:0', dtype=torch.float16)","tensor(1.2757, device='cuda:0')"
180,1.4952497439725059,49.18994413407821,"tensor(0.0617, device='cuda:0', dtype=torch.float16)","tensor(1.2744, device='cuda:0')"
181,1.4948326828224319,49.23184357541899,"tensor(0.0562, device='cuda:0', dtype=torch.float16)","tensor(1.2731, device='cuda:0')"
182,1.4943048538906234,49.25977653631285,"tensor(0.0632, device='cuda:0', dtype=torch.float16)","tensor(1.2726, device='cuda:0')"
183,1.4942037942154067,49.245810055865924,"tensor(0.0502, device='cuda:0', dtype=torch.float16)","tensor(1.2724, device='cuda:0')"
184,1.493784208382879,49.30167597765363,"tensor(0.0538, device='cuda:0', dtype=torch.float16)","tensor(1.2715, device='cuda:0')"
185,1.4938941821455956,49.34357541899441,"tensor(0.0491, device='cuda:0', dtype=torch.float16)","tensor(1.2714, device='cuda:0')"
186,1.4938405656388827,49.357541899441344,"tensor(0.0550, device='cuda:0', dtype=torch.float16)","tensor(1.2705, device='cuda:0')"
187,1.4940578171185084,49.48324022346369,"tensor(0.0658, device='cuda:0', dtype=torch.float16)","tensor(1.2676, device='cuda:0')"
188,1.4947511575051717,49.46927374301676,"tensor(0.0696, device='cuda:0', dtype=torch.float16)","tensor(1.2672, device='cuda:0')"
189,1.4959122240543365,49.245810055865924,"tensor(0.0590, device='cuda:0', dtype=torch.float16)","tensor(1.2662, device='cuda:0')"
190,1.4973542849932397,49.287709497206706,"tensor(0.0575, device='cuda:0', dtype=torch.float16)","tensor(1.2641, device='cuda:0')"
191,1.4978847109845705,49.23184357541899,"tensor(0.0589, device='cuda:0', dtype=torch.float16)","tensor(1.2630, device='cuda:0')"
192,1.498175518853324,49.30167597765363,"tensor(0.0660, device='cuda:0', dtype=torch.float16)","tensor(1.2635, device='cuda:0')"
193,1.4999609334128243,49.12011173184357,"tensor(0.0600, device='cuda:0', dtype=torch.float16)","tensor(1.2636, device='cuda:0')"
194,1.500345605824675,49.245810055865924,"tensor(0.0461, device='cuda:0', dtype=torch.float16)","tensor(1.2616, device='cuda:0')"
195,1.5005426917757307,49.07821229050279,"tensor(0.0600, device='cuda:0', dtype=torch.float16)","tensor(1.2619, device='cuda:0')"
196,1.5022548639348574,49.07821229050279,"tensor(0.0482, device='cuda:0', dtype=torch.float16)","tensor(1.2614, device='cuda:0')"
197,1.5029769805925233,49.03631284916201,"tensor(0.0551, device='cuda:0', dtype=torch.float16)","tensor(1.2611, device='cuda:0')"
198,1.5038097958479608,49.064245810055866,"tensor(0.0567, device='cuda:0', dtype=torch.float16)","tensor(1.2597, device='cuda:0')"
199,1.5045191773346491,49.022346368715084,"tensor(0.0582, device='cuda:0', dtype=torch.float16)","tensor(1.2592, device='cuda:0')"
200,1.505026905664376,48.952513966480446,"tensor(0.0566, device='cuda:0', dtype=torch.float16)","tensor(1.2593, device='cuda:0')"
201,1.5050249472260475,49.05027932960894,"tensor(0.0580, device='cuda:0', dtype=torch.float16)","tensor(1.2590, device='cuda:0')"
202,1.5050578713417053,49.134078212290504,"tensor(0.0596, device='cuda:0', dtype=torch.float16)","tensor(1.2576, device='cuda:0')"
203,1.5056432826178414,49.12011173184357,"tensor(0.0562, device='cuda:0', dtype=torch.float16)","tensor(1.2564, device='cuda:0')"
204,1.505563432616847,49.07821229050279,"tensor(0.0636, device='cuda:0', dtype=torch.float16)","tensor(1.2557, device='cuda:0')"
205,1.5055148431232996,49.00837988826816,"tensor(0.0520, device='cuda:0', dtype=torch.float16)","tensor(1.2554, device='cuda:0')"
206,1.5058313927480154,48.89664804469274,"tensor(0.0577, device='cuda:0', dtype=torch.float16)","tensor(1.2539, device='cuda:0')"
207,1.505771849836622,48.96648044692738,"tensor(0.0660, device='cuda:0', dtype=torch.float16)","tensor(1.2526, device='cuda:0')"
208,1.505256783749376,49.03631284916201,"tensor(0.0514, device='cuda:0', dtype=torch.float16)","tensor(1.2519, device='cuda:0')"
209,1.5054629477007049,48.99441340782123,"tensor(0.0536, device='cuda:0', dtype=torch.float16)","tensor(1.2506, device='cuda:0')"
210,1.5050025337508746,49.16201117318436,"tensor(0.0530, device='cuda:0', dtype=torch.float16)","tensor(1.2490, device='cuda:0')"
211,1.5043398035424096,49.175977653631286,"tensor(0.0625, device='cuda:0', dtype=torch.float16)","tensor(1.2495, device='cuda:0')"
212,1.5042563251086645,49.23184357541899,"tensor(0.0629, device='cuda:0', dtype=torch.float16)","tensor(1.2498, device='cuda:0')"
213,1.5040696327175413,49.273743016759774,"tensor(0.0499, device='cuda:0', dtype=torch.float16)","tensor(1.2490, device='cuda:0')"
214,1.5039831729871886,49.23184357541899,"tensor(0.0563, device='cuda:0', dtype=torch.float16)","tensor(1.2483, device='cuda:0')"
215,1.5038097075053625,49.134078212290504,"tensor(0.0645, device='cuda:0', dtype=torch.float16)","tensor(1.2486, device='cuda:0')"
216,1.503974013030529,49.134078212290504,"tensor(0.0585, device='cuda:0', dtype=torch.float16)","tensor(1.2480, device='cuda:0')"
217,1.5044708752206393,49.022346368715084,"tensor(0.0574, device='cuda:0', dtype=torch.float16)","tensor(1.2484, device='cuda:0')"
218,1.5052409384931837,48.99441340782123,"tensor(0.0665, device='cuda:0', dtype=torch.float16)","tensor(1.2472, device='cuda:0')"
219,1.5055147473301207,48.9804469273743,"tensor(0.0589, device='cuda:0', dtype=torch.float16)","tensor(1.2466, device='cuda:0')"
220,1.505887660597052,48.99441340782123,"tensor(0.0587, device='cuda:0', dtype=torch.float16)","tensor(1.2459, device='cuda:0')"
221,1.5066116760884012,48.840782122905026,"tensor(0.0537, device='cuda:0', dtype=torch.float16)","tensor(1.2454, device='cuda:0')"
222,1.5079037163938795,48.8268156424581,"tensor(0.0589, device='cuda:0', dtype=torch.float16)","tensor(1.2447, device='cuda:0')"
223,1.5074681448084968,48.99441340782123,"tensor(0.0498, device='cuda:0', dtype=torch.float16)","tensor(1.2434, device='cuda:0')"
224,1.507414348423481,49.09217877094972,"tensor(0.0544, device='cuda:0', dtype=torch.float16)","tensor(1.2432, device='cuda:0')"
225,1.506876875247274,49.03631284916201,"tensor(0.0575, device='cuda:0', dtype=torch.float16)","tensor(1.2434, device='cuda:0')"
226,1.5069978588393755,49.022346368715084,"tensor(0.0568, device='cuda:0', dtype=torch.float16)","tensor(1.2433, device='cuda:0')"
227,1.5066393890551157,49.07821229050279,"tensor(0.0532, device='cuda:0', dtype=torch.float16)","tensor(1.2426, device='cuda:0')"
228,1.506620618913855,49.21787709497207,"tensor(0.0500, device='cuda:0', dtype=torch.float16)","tensor(1.2431, device='cuda:0')"
229,1.5068775064178876,49.09217877094972,"tensor(0.0515, device='cuda:0', dtype=torch.float16)","tensor(1.2424, device='cuda:0')"
230,1.5071971054588045,49.00837988826816,"tensor(0.0524, device='cuda:0', dtype=torch.float16)","tensor(1.2417, device='cuda:0')"
231,1.5072933094842094,48.9804469273743,"tensor(0.0562, device='cuda:0', dtype=torch.float16)","tensor(1.2411, device='cuda:0')"
232,1.5073582828044891,48.89664804469274,"tensor(0.0610, device='cuda:0', dtype=torch.float16)","tensor(1.2405, device='cuda:0')"
233,1.5078472633446967,48.88268156424581,"tensor(0.0644, device='cuda:0', dtype=torch.float16)","tensor(1.2406, device='cuda:0')"
234,1.5082628556660242,48.8268156424581,"tensor(0.0631, device='cuda:0', dtype=torch.float16)","tensor(1.2397, device='cuda:0')"
235,1.5088111736944743,48.89664804469274,"tensor(0.0550, device='cuda:0', dtype=torch.float16)","tensor(1.2378, device='cuda:0')"
236,1.5100032080497061,48.840782122905026,"tensor(0.0531, device='cuda:0', dtype=torch.float16)","tensor(1.2365, device='cuda:0')"
237,1.5103305439863886,48.687150837988824,"tensor(0.0591, device='cuda:0', dtype=torch.float16)","tensor(1.2366, device='cuda:0')"
238,1.5106975361704826,48.63128491620112,"tensor(0.0536, device='cuda:0', dtype=torch.float16)","tensor(1.2360, device='cuda:0')"
239,1.5105884969234467,48.64525139664804,"tensor(0.0640, device='cuda:0', dtype=torch.float16)","tensor(1.2361, device='cuda:0')"
240,1.5099932945200376,48.71508379888268,"tensor(0.0478, device='cuda:0', dtype=torch.float16)","tensor(1.2361, device='cuda:0')"
241,1.5100761162383216,48.74301675977654,"tensor(0.0481, device='cuda:0', dtype=torch.float16)","tensor(1.2340, device='cuda:0')"
242,1.5102179763572556,48.701117318435756,"tensor(0.0627, device='cuda:0', dtype=torch.float16)","tensor(1.2330, device='cuda:0')"
243,1.5098865500518255,48.729050279329606,"tensor(0.0448, device='cuda:0', dtype=torch.float16)","tensor(1.2330, device='cuda:0')"
244,1.5089818590453692,48.85474860335196,"tensor(0.0623, device='cuda:0', dtype=torch.float16)","tensor(1.2330, device='cuda:0')"
245,1.50904516769307,48.952513966480446,"tensor(0.0540, device='cuda:0', dtype=torch.float16)","tensor(1.2330, device='cuda:0')"
246,1.508603073656559,49.00837988826816,"tensor(0.0433, device='cuda:0', dtype=torch.float16)","tensor(1.2326, device='cuda:0')"
247,1.5079692474433355,49.064245810055866,"tensor(0.0507, device='cuda:0', dtype=torch.float16)","tensor(1.2320, device='cuda:0')"
248,1.5078671095626694,48.952513966480446,"tensor(0.0483, device='cuda:0', dtype=torch.float16)","tensor(1.2317, device='cuda:0')"
249,1.5090572738221713,48.86871508379888,"tensor(0.0514, device='cuda:0', dtype=torch.float16)","tensor(1.2313, device='cuda:0')"
250,1.5099552742072515,48.89664804469274,"tensor(0.0532, device='cuda:0', dtype=torch.float16)","tensor(1.2304, device='cuda:0')"
251,1.5108038846935545,48.659217877094974,"tensor(0.0497, device='cuda:0', dtype=torch.float16)","tensor(1.2304, device='cuda:0')"
252,1.5118620012487685,48.53351955307262,"tensor(0.0532, device='cuda:0', dtype=torch.float16)","tensor(1.2298, device='cuda:0')"
253,1.5133445880242757,48.49162011173184,"tensor(0.0576, device='cuda:0', dtype=torch.float16)","tensor(1.2288, device='cuda:0')"
254,1.5139127224683762,48.64525139664804,"tensor(0.0547, device='cuda:0', dtype=torch.float16)","tensor(1.2302, device='cuda:0')"
255,1.5135551584618432,48.701117318435756,"tensor(0.0513, device='cuda:0', dtype=torch.float16)","tensor(1.2286, device='cuda:0')"
256,1.5125953320946013,48.589385474860336,"tensor(0.0525, device='cuda:0', dtype=torch.float16)","tensor(1.2283, device='cuda:0')"
257,1.5118082729833466,48.589385474860336,"tensor(0.0508, device='cuda:0', dtype=torch.float16)","tensor(1.2277, device='cuda:0')"
258,1.5113908627203532,48.63128491620112,"tensor(0.0510, device='cuda:0', dtype=torch.float16)","tensor(1.2281, device='cuda:0')"
259,1.5115798828857285,48.6731843575419,"tensor(0.0528, device='cuda:0', dtype=torch.float16)","tensor(1.2272, device='cuda:0')"
260,1.5121866453971182,48.812849162011176,"tensor(0.0513, device='cuda:0', dtype=torch.float16)","tensor(1.2272, device='cuda:0')"
261,1.5121751193489348,48.770949720670394,"tensor(0.0468, device='cuda:0', dtype=torch.float16)","tensor(1.2263, device='cuda:0')"
262,1.5126436821052007,48.729050279329606,"tensor(0.0532, device='cuda:0', dtype=torch.float16)","tensor(1.2260, device='cuda:0')"
263,1.5137050577572413,48.6731843575419,"tensor(0.0532, device='cuda:0', dtype=torch.float16)","tensor(1.2254, device='cuda:0')"
264,1.5147849842905998,48.57541899441341,"tensor(0.0501, device='cuda:0', dtype=torch.float16)","tensor(1.2258, device='cuda:0')"
265,1.5144447929092817,48.56145251396648,"tensor(0.0426, device='cuda:0', dtype=torch.float16)","tensor(1.2246, device='cuda:0')"
266,1.5148235804268293,48.477653631284916,"tensor(0.0517, device='cuda:0', dtype=torch.float16)","tensor(1.2237, device='cuda:0')"
267,1.5148148430245263,48.46368715083799,"tensor(0.0519, device='cuda:0', dtype=torch.float16)","tensor(1.2229, device='cuda:0')"
268,1.515063334788595,48.477653631284916,"tensor(0.0518, device='cuda:0', dtype=torch.float16)","tensor(1.2228, device='cuda:0')"
269,1.515115849673748,48.46368715083799,"tensor(0.0574, device='cuda:0', dtype=torch.float16)","tensor(1.2229, device='cuda:0')"
270,1.5150594168475695,48.61731843575419,"tensor(0.0531, device='cuda:0', dtype=torch.float16)","tensor(1.2232, device='cuda:0')"
271,1.5147533948932375,48.687150837988824,"tensor(0.0561, device='cuda:0', dtype=torch.float16)","tensor(1.2233, device='cuda:0')"
272,1.5149092503956385,48.74301675977654,"tensor(0.0514, device='cuda:0', dtype=torch.float16)","tensor(1.2213, device='cuda:0')"
273,1.5156090302126748,48.75698324022346,"tensor(0.0444, device='cuda:0', dtype=torch.float16)","tensor(1.2203, device='cuda:0')"
274,1.5160863537873541,48.701117318435756,"tensor(0.0494, device='cuda:0', dtype=torch.float16)","tensor(1.2200, device='cuda:0')"
275,1.5167636977774757,48.659217877094974,"tensor(0.0543, device='cuda:0', dtype=torch.float16)","tensor(1.2195, device='cuda:0')"
276,1.5169019124337606,48.589385474860336,"tensor(0.0498, device='cuda:0', dtype=torch.float16)","tensor(1.2199, device='cuda:0')"
277,1.5176672371370452,48.5195530726257,"tensor(0.0604, device='cuda:0', dtype=torch.float16)","tensor(1.2191, device='cuda:0')"
278,1.5179552765829223,48.46368715083799,"tensor(0.0556, device='cuda:0', dtype=torch.float16)","tensor(1.2196, device='cuda:0')"
279,1.5175577689494406,48.589385474860336,"tensor(0.0482, device='cuda:0', dtype=torch.float16)","tensor(1.2196, device='cuda:0')"
280,1.517712991152491,48.50558659217877,"tensor(0.0497, device='cuda:0', dtype=torch.float16)","tensor(1.2187, device='cuda:0')"
281,1.5179522867713655,48.53351955307262,"tensor(0.0517, device='cuda:0', dtype=torch.float16)","tensor(1.2186, device='cuda:0')"
282,1.5174633700932776,48.56145251396648,"tensor(0.0521, device='cuda:0', dtype=torch.float16)","tensor(1.2178, device='cuda:0')"
283,1.5175912348287446,48.547486033519554,"tensor(0.0492, device='cuda:0', dtype=torch.float16)","tensor(1.2170, device='cuda:0')"
284,1.5172016865440778,48.64525139664804,"tensor(0.0536, device='cuda:0', dtype=torch.float16)","tensor(1.2167, device='cuda:0')"
285,1.5169543879372733,48.50558659217877,"tensor(0.0524, device='cuda:0', dtype=torch.float16)","tensor(1.2162, device='cuda:0')"
286,1.5169398891074317,48.49162011173184,"tensor(0.0547, device='cuda:0', dtype=torch.float16)","tensor(1.2159, device='cuda:0')"
287,1.5165014224393027,48.60335195530726,"tensor(0.0467, device='cuda:0', dtype=torch.float16)","tensor(1.2152, device='cuda:0')"
288,1.5161030100924628,48.56145251396648,"tensor(0.0525, device='cuda:0', dtype=torch.float16)","tensor(1.2153, device='cuda:0')"
289,1.5167553169386727,48.39385474860335,"tensor(0.0468, device='cuda:0', dtype=torch.float16)","tensor(1.2155, device='cuda:0')"
290,1.517085577760424,48.35195530726257,"tensor(0.0561, device='cuda:0', dtype=torch.float16)","tensor(1.2149, device='cuda:0')"
291,1.5177253718887056,48.50558659217877,"tensor(0.0493, device='cuda:0', dtype=torch.float16)","tensor(1.2147, device='cuda:0')"
292,1.5180656537413597,48.477653631284916,"tensor(0.0523, device='cuda:0', dtype=torch.float16)","tensor(1.2131, device='cuda:0')"
293,1.5181347184947558,48.44972067039106,"tensor(0.0427, device='cuda:0', dtype=torch.float16)","tensor(1.2127, device='cuda:0')"
294,1.518195167183876,48.46368715083799,"tensor(0.0550, device='cuda:0', dtype=torch.float16)","tensor(1.2137, device='cuda:0')"
295,1.5182883452091898,48.57541899441341,"tensor(0.0552, device='cuda:0', dtype=torch.float16)","tensor(1.2136, device='cuda:0')"
296,1.518376142850944,48.56145251396648,"tensor(0.0488, device='cuda:0', dtype=torch.float16)","tensor(1.2124, device='cuda:0')"
297,1.5182534105011396,48.659217877094974,"tensor(0.0545, device='cuda:0', dtype=torch.float16)","tensor(1.2125, device='cuda:0')"
298,1.5168928397553307,48.74301675977654,"tensor(0.0512, device='cuda:0', dtype=torch.float16)","tensor(1.2124, device='cuda:0')"
299,1.5165156157953399,48.56145251396648,"tensor(0.0488, device='cuda:0', dtype=torch.float16)","tensor(1.2123, device='cuda:0')"
300,1.5158880086881774,48.60335195530726,"tensor(0.0487, device='cuda:0', dtype=torch.float16)","tensor(1.2113, device='cuda:0')"
301,1.5155334270426206,48.64525139664804,"tensor(0.0446, device='cuda:0', dtype=torch.float16)","tensor(1.2121, device='cuda:0')"
302,1.6279266221182687,44.60330810204654,0,0
303,1.6279266221182687,44.60330810204654,"tensor(0.0708, device='cuda:0', dtype=torch.float16)","tensor(1.3131, device='cuda:0')"
304,1.6279266221182687,44.60330810204654,"tensor(0.0590, device='cuda:0', dtype=torch.float16)","tensor(1.3131, device='cuda:0')"
305,1.6263967156410217,44.51920381272778,"tensor(0.0665, device='cuda:0', dtype=torch.float16)","tensor(1.3131, device='cuda:0')"
306,1.6242158742887634,44.785534062237176,"tensor(0.0667, device='cuda:0', dtype=torch.float16)","tensor(1.3096, device='cuda:0')"
307,1.6251296294586999,44.743481917577796,"tensor(0.0649, device='cuda:0', dtype=torch.float16)","tensor(1.3052, device='cuda:0')"
308,1.6236004094992365,44.743481917577796,"tensor(0.0691, device='cuda:0', dtype=torch.float16)","tensor(1.3007, device='cuda:0')"
309,1.623785168996879,44.84160358844968,"tensor(0.0665, device='cuda:0', dtype=torch.float16)","tensor(1.2990, device='cuda:0')"
310,1.6218219963567597,44.8556209700028,"tensor(0.0595, device='cuda:0', dtype=torch.float16)","tensor(1.2958, device='cuda:0')"
311,1.6206097209027834,44.77151668068405,"tensor(0.0665, device='cuda:0', dtype=torch.float16)","tensor(1.2955, device='cuda:0')"
312,1.6213210044162614,44.86963835155593,"tensor(0.0575, device='cuda:0', dtype=torch.float16)","tensor(1.2942, device='cuda:0')"
313,1.62091413885355,44.84160358844968,"tensor(0.0646, device='cuda:0', dtype=torch.float16)","tensor(1.2912, device='cuda:0')"
314,1.6210397300975663,44.88365573310905,"tensor(0.0737, device='cuda:0', dtype=torch.float16)","tensor(1.2890, device='cuda:0')"
315,1.6208835861512594,44.939725259321555,"tensor(0.0665, device='cuda:0', dtype=torch.float16)","tensor(1.2867, device='cuda:0')"
316,1.6205333939620428,44.96776002242781,"tensor(0.0631, device='cuda:0', dtype=torch.float16)","tensor(1.2866, device='cuda:0')"
317,1.6200833437698228,44.96776002242781,"tensor(0.0651, device='cuda:0', dtype=torch.float16)","tensor(1.2856, device='cuda:0')"
318,1.619552579309259,44.99579478553406,"tensor(0.0695, device='cuda:0', dtype=torch.float16)","tensor(1.2841, device='cuda:0')"
319,1.6190056215439523,45.00981216708719,"tensor(0.0635, device='cuda:0', dtype=torch.float16)","tensor(1.2845, device='cuda:0')"
320,1.6176806752170836,44.939725259321555,"tensor(0.0576, device='cuda:0', dtype=torch.float16)","tensor(1.2844, device='cuda:0')"
321,1.6166124237435204,44.939725259321555,"tensor(0.0673, device='cuda:0', dtype=torch.float16)","tensor(1.2839, device='cuda:0')"
322,1.6153965539165906,44.89767311466218,"tensor(0.0637, device='cuda:0', dtype=torch.float16)","tensor(1.2818, device='cuda:0')"
323,1.6141129561832972,44.981777403980935,"tensor(0.0665, device='cuda:0', dtype=torch.float16)","tensor(1.2805, device='cuda:0')"
324,1.6130621880292892,44.96776002242781,"tensor(0.0634, device='cuda:0', dtype=torch.float16)","tensor(1.2781, device='cuda:0')"
325,1.6126325194324767,44.92570787776843,"tensor(0.0565, device='cuda:0', dtype=torch.float16)","tensor(1.2786, device='cuda:0')"
326,1.6126585794346673,44.91169049621531,"tensor(0.0720, device='cuda:0', dtype=torch.float16)","tensor(1.2776, device='cuda:0')"
327,1.6127957286579269,44.92570787776843,"tensor(0.0681, device='cuda:0', dtype=torch.float16)","tensor(1.2770, device='cuda:0')"
328,1.6121063413364547,44.92570787776843,"tensor(0.0706, device='cuda:0', dtype=torch.float16)","tensor(1.2753, device='cuda:0')"
329,1.6124517800552505,45.023829548640315,"tensor(0.0609, device='cuda:0', dtype=torch.float16)","tensor(1.2754, device='cuda:0')"
330,1.6130366272159986,44.84160358844968,"tensor(0.0634, device='cuda:0', dtype=torch.float16)","tensor(1.2750, device='cuda:0')"
331,1.6133267400520188,44.8556209700028,"tensor(0.0735, device='cuda:0', dtype=torch.float16)","tensor(1.2737, device='cuda:0')"
332,1.6140254501785551,44.8556209700028,"tensor(0.0607, device='cuda:0', dtype=torch.float16)","tensor(1.2732, device='cuda:0')"
333,1.6157822268349784,44.827586206896555,"tensor(0.0532, device='cuda:0', dtype=torch.float16)","tensor(1.2719, device='cuda:0')"
334,1.6173302116138595,44.7995514437903,"tensor(0.0609, device='cuda:0', dtype=torch.float16)","tensor(1.2704, device='cuda:0')"
335,1.6181349126355988,44.617325483599664,"tensor(0.0569, device='cuda:0', dtype=torch.float16)","tensor(1.2692, device='cuda:0')"
336,1.6202768960169383,44.617325483599664,"tensor(0.0595, device='cuda:0', dtype=torch.float16)","tensor(1.2682, device='cuda:0')"
337,1.622073980314391,44.64536024670591,"tensor(0.0594, device='cuda:0', dtype=torch.float16)","tensor(1.2681, device='cuda:0')"
338,1.62397385175739,44.70142977291842,"tensor(0.0567, device='cuda:0', dtype=torch.float16)","tensor(1.2671, device='cuda:0')"
339,1.6252639240452222,44.56125595738716,"tensor(0.0630, device='cuda:0', dtype=torch.float16)","tensor(1.2683, device='cuda:0')"
340,1.6261454501322337,44.46313428651528,"tensor(0.0589, device='cuda:0', dtype=torch.float16)","tensor(1.2667, device='cuda:0')"
341,1.6258398134793555,44.51920381272778,"tensor(0.0652, device='cuda:0', dtype=torch.float16)","tensor(1.2674, device='cuda:0')"
342,1.62520175746509,44.51920381272778,"tensor(0.0634, device='cuda:0', dtype=torch.float16)","tensor(1.2655, device='cuda:0')"
343,1.624468520283699,44.46313428651528,"tensor(0.0532, device='cuda:0', dtype=torch.float16)","tensor(1.2638, device='cuda:0')"
344,1.6236508999552046,44.617325483599664,"tensor(0.0594, device='cuda:0', dtype=torch.float16)","tensor(1.2632, device='cuda:0')"
345,1.623193240591458,44.71544715447155,"tensor(0.0537, device='cuda:0', dtype=torch.float16)","tensor(1.2618, device='cuda:0')"
346,1.620821668633393,44.77151668068405,"tensor(0.0629, device='cuda:0', dtype=torch.float16)","tensor(1.2610, device='cuda:0')"
347,1.6189703834908349,44.77151668068405,"tensor(0.0616, device='cuda:0', dtype=torch.float16)","tensor(1.2604, device='cuda:0')"
348,1.61835993294205,44.70142977291842,"tensor(0.0587, device='cuda:0', dtype=torch.float16)","tensor(1.2585, device='cuda:0')"
349,1.61778688537223,44.813568825343424,"tensor(0.0631, device='cuda:0', dtype=torch.float16)","tensor(1.2587, device='cuda:0')"
350,1.6180804435695921,44.89767311466218,"tensor(0.0649, device='cuda:0', dtype=torch.float16)","tensor(1.2587, device='cuda:0')"
351,1.6186053486807006,44.88365573310905,"tensor(0.0668, device='cuda:0', dtype=torch.float16)","tensor(1.2590, device='cuda:0')"
352,1.6199306430561202,44.75749929913092,"tensor(0.0561, device='cuda:0', dtype=torch.float16)","tensor(1.2584, device='cuda:0')"
353,1.620457621557372,44.827586206896555,"tensor(0.0558, device='cuda:0', dtype=torch.float16)","tensor(1.2570, device='cuda:0')"
354,1.6215777876121658,44.64536024670591,"tensor(0.0661, device='cuda:0', dtype=torch.float16)","tensor(1.2565, device='cuda:0')"
355,1.6217104803238596,44.659377628259044,"tensor(0.0545, device='cuda:0', dtype=torch.float16)","tensor(1.2559, device='cuda:0')"
356,1.6220869251659937,44.617325483599664,"tensor(0.0588, device='cuda:0', dtype=torch.float16)","tensor(1.2546, device='cuda:0')"
357,1.6228321769407816,44.68741239136529,"tensor(0.0578, device='cuda:0', dtype=torch.float16)","tensor(1.2539, device='cuda:0')"
358,1.6242184649620737,44.58929072049341,"tensor(0.0580, device='cuda:0', dtype=torch.float16)","tensor(1.2528, device='cuda:0')"
359,1.6259184458426066,44.63134286515279,"tensor(0.0539, device='cuda:0', dtype=torch.float16)","tensor(1.2523, device='cuda:0')"
360,1.6268955650074142,44.46313428651528,"tensor(0.0613, device='cuda:0', dtype=torch.float16)","tensor(1.2517, device='cuda:0')"
361,1.626725407583373,44.58929072049341,"tensor(0.0597, device='cuda:0', dtype=torch.float16)","tensor(1.2510, device='cuda:0')"
362,1.6271936308060373,44.67339500981217,"tensor(0.0522, device='cuda:0', dtype=torch.float16)","tensor(1.2495, device='cuda:0')"
363,1.6282796934247017,44.44911690496215,"tensor(0.0589, device='cuda:0', dtype=torch.float16)","tensor(1.2491, device='cuda:0')"
364,1.6288838301386153,44.43509952340903,"tensor(0.0538, device='cuda:0', dtype=torch.float16)","tensor(1.2488, device='cuda:0')"
365,1.6288137872304236,44.54723857583404,"tensor(0.0571, device='cuda:0', dtype=torch.float16)","tensor(1.2478, device='cuda:0')"
366,1.6299788025873048,44.617325483599664,"tensor(0.0553, device='cuda:0', dtype=torch.float16)","tensor(1.2467, device='cuda:0')"
367,1.6296329615371568,44.575273338940285,"tensor(0.0601, device='cuda:0', dtype=torch.float16)","tensor(1.2464, device='cuda:0')"
368,1.6293066952909743,44.58929072049341,"tensor(0.0551, device='cuda:0', dtype=torch.float16)","tensor(1.2455, device='cuda:0')"
369,1.629335390669959,44.50518643117466,"tensor(0.0580, device='cuda:0', dtype=torch.float16)","tensor(1.2453, device='cuda:0')"
370,1.6297013748969351,44.49116904962153,"tensor(0.0555, device='cuda:0', dtype=torch.float16)","tensor(1.2437, device='cuda:0')"
371,1.6296205350330897,44.50518643117466,"tensor(0.0616, device='cuda:0', dtype=torch.float16)","tensor(1.2436, device='cuda:0')"
372,1.6296579028878893,44.575273338940285,"tensor(0.0528, device='cuda:0', dtype=torch.float16)","tensor(1.2427, device='cuda:0')"
373,1.6293102673121862,44.575273338940285,"tensor(0.0606, device='cuda:0', dtype=torch.float16)","tensor(1.2419, device='cuda:0')"
374,1.6290934469018663,44.50518643117466,"tensor(0.0607, device='cuda:0', dtype=torch.float16)","tensor(1.2423, device='cuda:0')"
375,1.6290650452886308,44.575273338940285,"tensor(0.0551, device='cuda:0', dtype=torch.float16)","tensor(1.2416, device='cuda:0')"
376,1.6291394510439463,44.46313428651528,"tensor(0.0590, device='cuda:0', dtype=torch.float16)","tensor(1.2418, device='cuda:0')"
377,1.628672023969037,44.49116904962153,"tensor(0.0599, device='cuda:0', dtype=torch.float16)","tensor(1.2415, device='cuda:0')"
378,1.6284425152199609,44.407064760302774,"tensor(0.0642, device='cuda:0', dtype=torch.float16)","tensor(1.2401, device='cuda:0')"
379,1.62818800338677,44.44911690496215,"tensor(0.0604, device='cuda:0', dtype=torch.float16)","tensor(1.2404, device='cuda:0')"
380,1.6284549151148116,44.51920381272778,"tensor(0.0629, device='cuda:0', dtype=torch.float16)","tensor(1.2404, device='cuda:0')"
381,1.627933830022812,44.60330810204654,"tensor(0.0614, device='cuda:0', dtype=torch.float16)","tensor(1.2406, device='cuda:0')"
382,1.6276128866842814,44.68741239136529,"tensor(0.0606, device='cuda:0', dtype=torch.float16)","tensor(1.2398, device='cuda:0')"
383,1.6272163433688027,44.743481917577796,"tensor(0.0544, device='cuda:0', dtype=torch.float16)","tensor(1.2388, device='cuda:0')"
384,1.6277317394103323,44.68741239136529,"tensor(0.0587, device='cuda:0', dtype=torch.float16)","tensor(1.2389, device='cuda:0')"
385,1.6281076084290231,44.617325483599664,"tensor(0.0493, device='cuda:0', dtype=torch.float16)","tensor(1.2396, device='cuda:0')"
386,1.62826326915196,44.54723857583404,"tensor(0.0505, device='cuda:0', dtype=torch.float16)","tensor(1.2383, device='cuda:0')"
387,1.628298248563494,44.575273338940285,"tensor(0.0567, device='cuda:0', dtype=torch.float16)","tensor(1.2374, device='cuda:0')"
388,1.62906079100711,44.43509952340903,"tensor(0.0538, device='cuda:0', dtype=torch.float16)","tensor(1.2379, device='cuda:0')"
389,1.6291704486523355,44.51920381272778,"tensor(0.0618, device='cuda:0', dtype=torch.float16)","tensor(1.2377, device='cuda:0')"
390,1.6299702237759317,44.46313428651528,"tensor(0.0537, device='cuda:0', dtype=torch.float16)","tensor(1.2372, device='cuda:0')"
391,1.6308909792985236,44.63134286515279,"tensor(0.0546, device='cuda:0', dtype=torch.float16)","tensor(1.2367, device='cuda:0')"
392,1.6307863923055785,44.72946453602467,"tensor(0.0571, device='cuda:0', dtype=torch.float16)","tensor(1.2360, device='cuda:0')"
393,1.631101491195815,44.70142977291842,"tensor(0.0614, device='cuda:0', dtype=torch.float16)","tensor(1.2350, device='cuda:0')"
394,1.6317382199423653,44.72946453602467,"tensor(0.0582, device='cuda:0', dtype=torch.float16)","tensor(1.2337, device='cuda:0')"
395,1.632605459008898,44.67339500981217,"tensor(0.0498, device='cuda:0', dtype=torch.float16)","tensor(1.2327, device='cuda:0')"
396,1.6333103105425835,44.51920381272778,"tensor(0.0555, device='cuda:0', dtype=torch.float16)","tensor(1.2339, device='cuda:0')"
397,1.632120237818786,44.49116904962153,"tensor(0.0610, device='cuda:0', dtype=torch.float16)","tensor(1.2339, device='cuda:0')"
398,1.631243307675634,44.617325483599664,"tensor(0.0565, device='cuda:0', dtype=torch.float16)","tensor(1.2336, device='cuda:0')"
399,1.631051518023014,44.63134286515279,"tensor(0.0533, device='cuda:0', dtype=torch.float16)","tensor(1.2327, device='cuda:0')"
400,1.6305026028837477,44.63134286515279,"tensor(0.0522, device='cuda:0', dtype=torch.float16)","tensor(1.2326, device='cuda:0')"
401,1.6295472191912788,44.60330810204654,"tensor(0.0566, device='cuda:0', dtype=torch.float16)","tensor(1.2318, device='cuda:0')"
402,1.6300491669348307,44.49116904962153,"tensor(0.0578, device='cuda:0', dtype=torch.float16)","tensor(1.2307, device='cuda:0')"
403,1.6297183366758483,44.533221194280905,"tensor(0.0590, device='cuda:0', dtype=torch.float16)","tensor(1.2307, device='cuda:0')"
404,1.6297056004405022,44.533221194280905,"tensor(0.0628, device='cuda:0', dtype=torch.float16)","tensor(1.2313, device='cuda:0')"
405,1.6293783890349525,44.63134286515279,"tensor(0.0575, device='cuda:0', dtype=torch.float16)","tensor(1.2318, device='cuda:0')"
406,1.6297695838979311,44.54723857583404,"tensor(0.0488, device='cuda:0', dtype=torch.float16)","tensor(1.2313, device='cuda:0')"
407,1.629741764494351,44.63134286515279,"tensor(0.0555, device='cuda:0', dtype=torch.float16)","tensor(1.2305, device='cuda:0')"
408,1.6301686561533384,44.617325483599664,"tensor(0.0503, device='cuda:0', dtype=torch.float16)","tensor(1.2306, device='cuda:0')"
409,1.6305565333792142,44.54723857583404,"tensor(0.0569, device='cuda:0', dtype=torch.float16)","tensor(1.2300, device='cuda:0')"
410,1.6322263638888086,44.50518643117466,"tensor(0.0602, device='cuda:0', dtype=torch.float16)","tensor(1.2290, device='cuda:0')"
411,1.6320215931960516,44.44911690496215,"tensor(0.0590, device='cuda:0', dtype=torch.float16)","tensor(1.2283, device='cuda:0')"
412,1.6329679382698876,44.43509952340903,"tensor(0.0582, device='cuda:0', dtype=torch.float16)","tensor(1.2278, device='cuda:0')"
413,1.6331095131380218,44.407064760302774,"tensor(0.0547, device='cuda:0', dtype=torch.float16)","tensor(1.2271, device='cuda:0')"
414,1.6340014466217585,44.49116904962153,"tensor(0.0663, device='cuda:0', dtype=torch.float16)","tensor(1.2265, device='cuda:0')"
415,1.6353364842278617,44.379029997196525,"tensor(0.0487, device='cuda:0', dtype=torch.float16)","tensor(1.2259, device='cuda:0')"
416,1.6360579654574394,44.35099523409027,"tensor(0.0543, device='cuda:0', dtype=torch.float16)","tensor(1.2264, device='cuda:0')"
417,1.6359153911471367,44.32296047098402,"tensor(0.0513, device='cuda:0', dtype=torch.float16)","tensor(1.2249, device='cuda:0')"
418,1.6359022249068533,44.379029997196525,"tensor(0.0558, device='cuda:0', dtype=torch.float16)","tensor(1.2245, device='cuda:0')"
419,1.635954381099769,44.4210821418559,"tensor(0.0462, device='cuda:0', dtype=torch.float16)","tensor(1.2229, device='cuda:0')"
420,1.6365308091044426,44.4210821418559,"tensor(0.0489, device='cuda:0', dtype=torch.float16)","tensor(1.2220, device='cuda:0')"
421,1.6372596387352263,44.35099523409027,"tensor(0.0554, device='cuda:0', dtype=torch.float16)","tensor(1.2204, device='cuda:0')"
422,1.637291087635926,44.3089430894309,"tensor(0.0489, device='cuda:0', dtype=torch.float16)","tensor(1.2216, device='cuda:0')"
423,1.6372479700616427,44.533221194280905,"tensor(0.0532, device='cuda:0', dtype=torch.float16)","tensor(1.2208, device='cuda:0')"
424,1.6364332661032677,44.60330810204654,"tensor(0.0554, device='cuda:0', dtype=torch.float16)","tensor(1.2204, device='cuda:0')"
425,1.6362072548695974,44.617325483599664,"tensor(0.0454, device='cuda:0', dtype=torch.float16)","tensor(1.2202, device='cuda:0')"
426,1.6364622190594673,44.54723857583404,"tensor(0.0546, device='cuda:0', dtype=torch.float16)","tensor(1.2202, device='cuda:0')"
427,1.6367386771099908,44.46313428651528,"tensor(0.0497, device='cuda:0', dtype=torch.float16)","tensor(1.2201, device='cuda:0')"
428,1.6360502413340978,44.63134286515279,"tensor(0.0632, device='cuda:0', dtype=torch.float16)","tensor(1.2201, device='cuda:0')"
429,1.635786157633577,44.54723857583404,"tensor(0.0550, device='cuda:0', dtype=torch.float16)","tensor(1.2194, device='cuda:0')"
430,1.6358675243599075,44.56125595738716,"tensor(0.0541, device='cuda:0', dtype=torch.float16)","tensor(1.2198, device='cuda:0')"
431,1.6362469419836998,44.533221194280905,"tensor(0.0576, device='cuda:0', dtype=torch.float16)","tensor(1.2201, device='cuda:0')"
432,1.6364312853131975,44.44911690496215,"tensor(0.0626, device='cuda:0', dtype=torch.float16)","tensor(1.2195, device='cuda:0')"
433,1.6364619391305106,44.51920381272778,"tensor(0.0567, device='cuda:0', dtype=torch.float16)","tensor(1.2197, device='cuda:0')"
434,1.637760961694377,44.533221194280905,"tensor(0.0554, device='cuda:0', dtype=torch.float16)","tensor(1.2197, device='cuda:0')"
435,1.6391265434878213,44.51920381272778,"tensor(0.0510, device='cuda:0', dtype=torch.float16)","tensor(1.2193, device='cuda:0')"
436,1.640095591545105,44.46313428651528,"tensor(0.0553, device='cuda:0', dtype=torch.float16)","tensor(1.2192, device='cuda:0')"
437,1.6397015335304397,44.28090832632464,"tensor(0.0588, device='cuda:0', dtype=torch.float16)","tensor(1.2183, device='cuda:0')"
438,1.6401929865990366,44.39304737874965,"tensor(0.0480, device='cuda:0', dtype=torch.float16)","tensor(1.2176, device='cuda:0')"
439,1.6397807183010238,44.32296047098402,"tensor(0.0516, device='cuda:0', dtype=torch.float16)","tensor(1.2165, device='cuda:0')"
440,1.6395499482750893,44.39304737874965,"tensor(0.0442, device='cuda:0', dtype=torch.float16)","tensor(1.2162, device='cuda:0')"
441,1.639977322093078,44.35099523409027,"tensor(0.0515, device='cuda:0', dtype=torch.float16)","tensor(1.2164, device='cuda:0')"
442,1.6404925723161017,44.379029997196525,"tensor(0.0598, device='cuda:0', dtype=torch.float16)","tensor(1.2163, device='cuda:0')"
443,1.6392954300556863,44.294925707877766,"tensor(0.0537, device='cuda:0', dtype=torch.float16)","tensor(1.2150, device='cuda:0')"
444,1.6387518718838692,44.294925707877766,"tensor(0.0630, device='cuda:0', dtype=torch.float16)","tensor(1.2151, device='cuda:0')"
445,1.639281575168882,44.26689094477152,"tensor(0.0519, device='cuda:0', dtype=torch.float16)","tensor(1.2154, device='cuda:0')"
446,1.6398541671889169,44.210821418559014,"tensor(0.0504, device='cuda:0', dtype=torch.float16)","tensor(1.2147, device='cuda:0')"
447,1.6405291355081968,44.252873563218394,"tensor(0.0478, device='cuda:0', dtype=torch.float16)","tensor(1.2141, device='cuda:0')"
448,1.6416064096348626,44.168769273899635,"tensor(0.0475, device='cuda:0', dtype=torch.float16)","tensor(1.2125, device='cuda:0')"
449,1.6426260439412934,44.00056069526212,"tensor(0.0621, device='cuda:0', dtype=torch.float16)","tensor(1.2119, device='cuda:0')"
450,1.6438334030764443,43.958508550602744,"tensor(0.0509, device='cuda:0', dtype=torch.float16)","tensor(1.2125, device='cuda:0')"
451,1.6436871215701103,44.11269974768713,"tensor(0.0566, device='cuda:0', dtype=torch.float16)","tensor(1.2120, device='cuda:0')"
452,1.643728212586471,44.23885618166526,"tensor(0.0537, device='cuda:0', dtype=torch.float16)","tensor(1.2115, device='cuda:0')"
